{"name":"ad14608a-49ff-4f4d-a43a-40b01afd0053","id":"/providers/Microsoft.Flow/flows/ad14608a-49ff-4f4d-a43a-40b01afd0053","type":"Microsoft.Flow/flows","properties":{"apiId":"/providers/Microsoft.PowerApps/apis/shared_logicflows","displayName":"顔認証フロー","definition":{"metadata":{"workflowEntityId":null,"processAdvisorMetadata":null,"flowclientsuspensionreason":"None","flowclientsuspensiontime":null,"creator":{"id":"14227aa1-e470-423f-ae03-84cfeab7a700","type":"User","tenantId":"1e331c3b-2af3-4bd1-921b-ade340f1285c"},"provisioningMethod":"FromDefinition","failureAlertSubscription":true,"clientLastModifiedTime":"2021-08-18T03:41:17.9556206Z"},"$schema":"https://schema.management.azure.com/providers/Microsoft.Logic/schemas/2016-06-01/workflowdefinition.json#","contentVersion":"1.0.0.0","parameters":{"$connections":{"defaultValue":{},"type":"Object"},"$authentication":{"defaultValue":{},"type":"SecureObject"}},"triggers":{"manual":{"type":"Request","kind":"PowerAppV2","inputs":{"schema":{"type":"object","properties":{"text":{"title":"入力","type":"string","x-ms-dynamically-added":true,"description":"入力を指定してください","x-ms-content-hint":"TEXT"}},"required":["text"]}}}},"actions":{"作成":{"runAfter":{"Var_Person_ID":["Succeeded"]},"type":"Compose","inputs":"@dataUriToBinary(triggerBody()['text'])"},"BLOB_を作成する_(V2)":{"runAfter":{"作成":["Succeeded"]},"type":"OpenApiConnection","inputs":{"host":{"apiId":"/providers/Microsoft.PowerApps/apis/shared_azureblob","connectionName":"shared_azureblob_1","operationId":"CreateFile_V2"},"parameters":{"dataset":"###","folderPath":"/ttt","name":"detect.jpg","body":"@outputs('作成')"},"authentication":{"value":"@json(decodeBase64(triggerOutputs().headers['X-MS-APIM-Tokens']))['$ConnectionKey']","type":"Raw"}},"runtimeConfiguration":{"contentTransfer":{"transferMode":"Chunked"}}},"パスを使用して_SAS_URI_を作成する_(V2)":{"runAfter":{"BLOB_を作成する_(V2)":["Succeeded"]},"type":"OpenApiConnection","inputs":{"host":{"apiId":"/providers/Microsoft.PowerApps/apis/shared_azureblob","connectionName":"shared_azureblob_1","operationId":"CreateShareLinkByPath_V2"},"parameters":{"storageAccountName":"sentctonakamurastorage","path":"@outputs('BLOB_を作成する_(V2)')?['body/Path']","policy/Permissions":"Read"},"authentication":{"value":"@json(decodeBase64(triggerOutputs().headers['X-MS-APIM-Tokens']))['$ConnectionKey']","type":"Raw"}}},"Get_a_person_group":{"runAfter":{"HTTP":["Succeeded"]},"type":"OpenApiConnection","inputs":{"host":{"apiId":"/providers/Microsoft.PowerApps/apis/shared_faceapi","connectionName":"shared_faceapi","operationId":"GetPersonGroup"},"parameters":{"personGroupId":"visitors"},"authentication":{"value":"@json(decodeBase64(triggerOutputs().headers['X-MS-APIM-Tokens']))['$ConnectionKey']","type":"Raw"}}},"Var_Face_API_URL":{"runAfter":{},"type":"InitializeVariable","inputs":{"variables":[{"name":"Face API URL","type":"string"}]}},"Var_Face_API_Key":{"runAfter":{"Var_Face_API_URL":["Succeeded"]},"type":"InitializeVariable","inputs":{"variables":[{"name":"Face API Key","type":"string"}]}},"Var_Person_ID":{"runAfter":{"Var_Face_API_Key":["Succeeded"]},"type":"InitializeVariable","inputs":{"variables":[{"name":"Person ID","type":"string"}]}},"Get_a_person":{"runAfter":{"Apply_to_each_4":["Succeeded"]},"type":"OpenApiConnection","inputs":{"host":{"apiId":"/providers/Microsoft.PowerApps/apis/shared_faceapi","connectionName":"shared_faceapi","operationId":"GetPerson"},"parameters":{"personGroupId":"@outputs('Get_a_person_group')?['body/personGroupId']","personId":"@variables('Person ID')"},"authentication":{"value":"@json(decodeBase64(triggerOutputs().headers['X-MS-APIM-Tokens']))['$ConnectionKey']","type":"Raw"}}},"PowerApp_または_Flow_に応答する_2":{"runAfter":{"Get_a_person":["Succeeded"]},"type":"Response","kind":"PowerApp","inputs":{"statusCode":200,"body":{"visitorname":"@outputs('Get_a_person')?['body/name']","description":"@outputs('Get_a_person')?['body/userData']","rtn":"Success"},"schema":{"type":"object","properties":{"visitorname":{"title":"VisitorName","x-ms-dynamically-added":true,"type":"string"},"description":{"title":"Description","x-ms-dynamically-added":true,"type":"string"},"rtn":{"title":"rtn","x-ms-dynamically-added":true,"type":"string"}}}}},"HTTP_2":{"runAfter":{"Get_a_person_group":["Succeeded"]},"type":"Http","inputs":{"method":"POST","uri":"@{variables('Face API URL')}face/v1.0/identify","headers":{"ocp-apim-subscription-key":"@variables('Face API Key')","Content-Type":"application/json","cache-control":"cache"},"body":{"PersonGroupId":"@body('Get_a_person_group')?['personGroupId']","faceIds":["@body('HTTP')[0]['faceId']"],"maxNumOfCandidatesReturned":"1","confidenceThreshold":"0.5"}}},"JSON_の解析_2":{"runAfter":{"HTTP_2":["Succeeded"]},"type":"ParseJson","inputs":{"content":"@body('HTTP_2')","schema":{"type":"array","items":{"type":"object","properties":{"faceId":{"type":"string"},"candidates":{"type":"array","items":{"type":"object","properties":{"personId":{"type":"string"},"confidence":{"type":"number"}},"required":["personId","confidence"]}}},"required":["faceId","candidates"]}}}},"Apply_to_each_4":{"foreach":"@body('JSON_の解析_2')","actions":{"Apply_to_each_5":{"foreach":"@items('Apply_to_each_4')['candidates']","actions":{"変数の設定_2":{"runAfter":{},"type":"SetVariable","inputs":{"name":"Person ID","value":"@items('Apply_to_each_5')['personId']"}}},"runAfter":{},"type":"Foreach"}},"runAfter":{"JSON_の解析_2":["Succeeded"]},"type":"Foreach"},"PowerApp_または_Flow_に応答する":{"runAfter":{"Get_a_person":["Failed","Skipped","TimedOut"]},"type":"Response","kind":"PowerApp","inputs":{"statusCode":200,"body":{"rtn":"error"},"schema":{"type":"object","properties":{"visitorname":{"title":"VisitorName","x-ms-dynamically-added":true,"type":"string"},"description":{"title":"Description","x-ms-dynamically-added":true,"type":"string"},"rtn":{"title":"rtn","x-ms-dynamically-added":true,"type":"string"}}}}},"HTTP":{"runAfter":{"パスを使用して_SAS_URI_を作成する_(V2)":["Succeeded"]},"type":"Http","inputs":{"method":"POST","uri":"@{variables('Face API URL')}face/v1.0/detect","headers":{"Ocp-Apim-Subscription-Key":"@variables('Face API Key')"},"queries":{"returnFaceId":"true","recognitionModel":"recognition_01"},"body":{"url":"@{outputs('パスを使用して_SAS_URI_を作成する_(V2)')?['body/WebUrl']}"}}}},"outputs":{},"description":"Power Apps のボタンまたはリンクがクリックされたときに起動する 1 つ以上のアクションを作成します。Power App からこのフローを使用するには、フローをトリガーするためのコントロールを選択し、Power Apps のリボンの [アクション] タブに移動して、[フロー] を選択します。"},"connectionReferences":{"shared_azureblob_1":{"connectionName":"4ffa648406db405ab8b16cc56e0dba45","source":"Invoker","id":"/providers/Microsoft.PowerApps/apis/shared_azureblob","tier":"NotSpecified"},"shared_faceapi":{"connectionName":"439302f45fa84c64a4ed9f4cf5de0b16","source":"Invoker","id":"/providers/Microsoft.PowerApps/apis/shared_faceapi","tier":"NotSpecified"}},"flowFailureAlertSubscribed":false}}